FitMethod,CNR,TemporalRes,TrueRelKt,TrueRelVe,TrueKep,errKt,errVe,errKep,stdErrKt,stdErrVe,stdErrKep, meanResid, stdResid
LRRM,5.000000,1.000000,2.500000,4.000000,0.625000,0.795686,0.327044,-2.570879,6.312023,1.636078,17.432407,2.528121,0.073381
CLRRM,5.000000,1.000000,2.500000,4.000000,0.625000,1.093712,0.186856,-3.227507,3.447594,1.306618,3.608647,2.531229,0.073357
CHRRM,5.000000,1.000000,2.500000,4.000000,0.625000,-0.022551,0.033640,0.268774,3.488129,1.297591,3.805818,2.531460,0.073363
CLRRMm,5.000000,1.000000,2.500000,4.000000,0.625000,0.575870,0.114247,-1.603510,3.466586,1.302312,3.699433,2.531302,0.073358
CLRRMt,5.000000,1.000000,2.500000,4.000000,0.625000,0.053928,0.043752,0.029755,3.485400,1.298180,3.792134,2.531436,0.073362
NRRM,5.000000,1.000000,2.500000,4.000000,0.625000,-0.286644,0.141473,1.149054,6.020668,1.591773,18.282645,0.001109,0.000063
CNRRM,5.000000,1.000000,2.500000,4.000000,0.625000,0.033376,0.008254,0.352310,3.092091,1.269960,3.512879,0.001109,0.000063
LRRM,5.000000,5.000000,2.500000,4.000000,0.625000,3.746686,2.009904,-14.019478,13.149615,15.395956,33.369039,1.128658,0.073467
CLRRM,5.000000,5.000000,2.500000,4.000000,0.625000,4.775893,0.984378,-15.180063,7.338707,3.015595,6.638919,1.134251,0.073292
CHRRM,5.000000,5.000000,2.500000,4.000000,0.625000,-0.341865,0.181915,0.865300,7.776336,2.903664,8.554149,1.136471,0.073526
CLRRMm,5.000000,5.000000,2.500000,4.000000,0.625000,2.970172,0.664389,-9.478927,7.500522,2.969490,7.284821,1.134699,0.073332
CLRRMt,5.000000,5.000000,2.500000,4.000000,0.625000,-0.016803,0.224242,-0.143578,7.750530,2.909255,8.424784,1.136244,0.073499
NRRM,5.000000,5.000000,2.500000,4.000000,0.625000,-1.923613,0.726080,6.698033,14.410182,14.989299,49.547036,0.002474,0.000314
CNRRM,5.000000,5.000000,2.500000,4.000000,0.625000,-0.035532,0.063906,1.306406,6.941514,2.847923,7.967522,0.002474,0.000312
LRRM,5.000000,10.000000,2.500000,4.000000,0.625000,6.862132,5.357943,-27.224221,17.637365,135.820643,41.029386,0.794735,0.074640
CLRRM,5.000000,10.000000,2.500000,4.000000,0.625000,8.465319,2.048372,-27.221248,9.840691,4.493189,7.624240,0.801467,0.074461
CHRRM,5.000000,10.000000,2.500000,4.000000,0.625000,-0.940324,0.344268,2.166879,11.007078,4.139047,12.337211,0.806853,0.075483
CLRRMm,5.000000,10.000000,2.500000,4.000000,0.625000,4.929020,1.248406,-16.035300,10.311329,4.317950,9.248974,0.802569,0.074698
CLRRMt,5.000000,10.000000,2.500000,4.000000,0.625000,-0.114943,0.448574,-0.366065,10.916420,4.158580,11.873929,0.806072,0.075337
NRRM,5.000000,10.000000,2.500000,4.000000,0.625000,-5.024176,1.685508,17.669839,22.890741,37.120154,92.634131,0.003487,0.000639
CNRRM,5.000000,10.000000,2.500000,4.000000,0.625000,-0.415326,0.093905,2.989710,9.900422,4.047956,11.584163,0.003490,0.000633
LRRM,5.000000,15.000000,2.500000,4.000000,0.625000,8.871716,2.714075,-37.464554,20.308863,892.527854,45.336398,0.646719,0.074824
CLRRM,5.000000,15.000000,2.500000,4.000000,0.625000,9.741395,2.550051,-32.652335,11.749453,5.565615,8.442181,0.654565,0.074785
CHRRM,5.000000,15.000000,2.500000,4.000000,0.625000,-3.212828,0.134609,7.713732,13.702812,4.943072,16.372386,0.664393,0.076545
CLRRMm,5.000000,15.000000,2.500000,4.000000,0.625000,5.397169,1.430665,-18.864952,12.473192,5.255835,10.777723,0.656343,0.075054
CLRRMt,5.000000,15.000000,2.500000,4.000000,0.625000,-0.470941,0.459596,-0.645302,13.345020,5.016525,14.454152,0.661208,0.075907
NRRM,5.000000,15.000000,2.500000,4.000000,0.625000,-7.627266,30.099747,27.783703,40.117391,2790.493512,125.450835,0.004265,0.000958
CNRRM,5.000000,15.000000,2.500000,4.000000,0.625000,-2.323186,-0.283915,9.214323,12.426779,4.834188,15.590310,0.004272,0.000945
LRRM,5.000000,30.000000,2.500000,4.000000,0.625000,16.587279,9.499528,-61.739608,25.528619,673.007782,55.773705,0.447906,0.074950
CLRRM,5.000000,30.000000,2.500000,4.000000,0.625000,16.422352,5.225864,-45.850097,15.737430,8.823439,9.202984,0.458587,0.075318
CHRRM,5.000000,30.000000,2.500000,4.000000,0.625000,-4.112002,0.759570,21.416862,20.653228,6.966879,27.832035,0.483423,0.083327
CLRRMm,5.000000,30.000000,2.500000,4.000000,0.625000,9.948628,2.798842,-23.950142,17.511913,7.719535,13.859027,0.463002,0.076605
CLRRMt,5.000000,30.000000,2.500000,4.000000,0.625000,2.216057,1.398666,1.383455,19.400928,7.184337,20.923661,0.472562,0.079511
NRRM,5.000000,30.000000,2.500000,4.000000,0.625000,-6.742417,-4.899613,47.553341,100.038178,641.968183,173.840770,0.006056,0.002057
CNRRM,5.000000,30.000000,2.500000,4.000000,0.625000,-2.386729,-0.340562,25.136573,19.506253,6.774524,27.759632,0.006054,0.001924
LRRM,5.000000,60.000000,2.500000,4.000000,0.625000,25.909514,10.991286,-88.514112,33.500972,1095.459622,72.356362,0.297135,0.073987
CLRRM,5.000000,60.000000,2.500000,4.000000,0.625000,23.544558,7.899328,-49.331908,22.817243,14.167077,12.010142,0.315212,0.075179
CHRRM,5.000000,60.000000,2.500000,4.000000,0.625000,-11.791922,2.072348,68.258495,32.765560,13.254452,64.262422,0.388878,0.116937
CLRRMm,5.000000,60.000000,2.500000,4.000000,0.625000,5.797615,2.852242,18.201443,30.620433,10.350946,36.216399,0.345818,0.090028
CLRRMt,5.000000,60.000000,2.500000,4.000000,0.625000,9.021772,3.182275,6.803854,29.626434,10.544120,31.121578,0.338620,0.085904
NRRM,5.000000,60.000000,2.500000,4.000000,0.625000,21.986840,10.782402,56.009888,273.415976,251.491948,179.575801,0.008828,0.005160
CNRRM,5.000000,60.000000,2.500000,4.000000,0.625000,3.184627,1.204075,88.409743,91.552511,22.602967,88.780066,0.008538,0.003929
LRRM,10.000000,1.000000,2.500000,4.000000,0.625000,0.231921,0.090695,-0.821748,3.204160,0.791758,8.894138,1.262910,0.036341
CLRRM,10.000000,1.000000,2.500000,4.000000,0.625000,0.316374,0.058714,-1.017186,1.744662,0.650986,1.875302,1.264536,0.036385
CHRRM,10.000000,1.000000,2.500000,4.000000,0.625000,0.027998,0.019963,-0.116218,1.749897,0.649854,1.901087,1.264566,0.036383
CLRRMm,10.000000,1.000000,2.500000,4.000000,0.625000,0.174317,0.039526,-0.573225,1.747247,0.650425,1.887981,1.264546,0.036383
CLRRMt,10.000000,1.000000,2.500000,4.000000,0.625000,-0.004382,0.015661,-0.015121,1.750481,0.649729,1.903994,1.264571,0.036383
NRRM,10.000000,1.000000,2.500000,4.000000,0.625000,-0.028351,0.045906,0.101963,2.977331,0.771488,8.905039,0.000284,0.000016
CNRRM,10.000000,1.000000,2.500000,4.000000,0.625000,0.049922,0.014512,-0.088313,1.544062,0.635772,1.752199,0.000284,0.000016
LRRM,10.000000,5.000000,2.500000,4.000000,0.625000,0.854377,0.392188,-3.133467,7.050315,1.846048,19.062571,0.564409,0.036795
CLRRM,10.000000,5.000000,2.500000,4.000000,0.625000,1.191469,0.213515,-3.802968,3.855867,1.465070,4.011370,0.567798,0.036957
CHRRM,10.000000,5.000000,2.500000,4.000000,0.625000,-0.220429,0.021101,0.599613,3.913221,1.452307,4.289947,0.568127,0.037007
CLRRMm,10.000000,5.000000,2.500000,4.000000,0.625000,0.591580,0.129373,-1.929200,3.880567,1.459440,4.128536,0.567889,0.036972
CLRRMt,10.000000,5.000000,2.500000,4.000000,0.625000,-0.015266,0.047871,-0.038507,3.905056,1.454059,4.248860,0.568055,0.036997
NRRM,10.000000,5.000000,2.500000,4.000000,0.625000,-0.491587,0.155735,1.499428,6.792021,1.787585,20.391561,0.000635,0.000082
CNRRM,10.000000,5.000000,2.500000,4.000000,0.625000,-0.145848,-0.017576,0.716707,3.469597,1.420250,3.972216,0.000635,0.000082
LRRM,10.000000,10.000000,2.500000,4.000000,0.625000,1.627094,0.791296,-6.058268,9.727936,3.182698,26.054935,0.398199,0.037157
CLRRM,10.000000,10.000000,2.500000,4.000000,0.625000,2.348634,0.426374,-7.538569,5.319311,2.069090,5.253023,0.402660,0.037385
CHRRM,10.000000,10.000000,2.500000,4.000000,0.625000,-0.283538,0.057425,0.634279,5.466645,2.034897,5.957625,0.403433,0.037530
CLRRMm,10.000000,10.000000,2.500000,4.000000,0.625000,1.120687,0.245433,-3.714699,5.389617,2.052069,5.575892,0.402897,0.037432
CLRRMt,10.000000,10.000000,2.500000,4.000000,0.625000,-0.048911,0.087547,-0.090621,5.454030,2.037612,5.892920,0.403324,0.037510
NRRM,10.000000,10.000000,2.500000,4.000000,0.625000,-1.158631,0.245504,3.167474,9.863795,5.915354,30.268719,0.000898,0.000165
CNRRM,10.000000,10.000000,2.500000,4.000000,0.625000,-0.223992,-0.027395,0.785936,4.868869,1.985142,5.540361,0.000898,0.000164
LRRM,10.000000,15.000000,2.500000,4.000000,0.625000,1.559966,1.163875,-7.943761,11.518892,7.475655,30.371859,0.324455,0.037758
CLRRM,10.000000,15.000000,2.500000,4.000000,0.625000,2.485199,0.492543,-9.626507,6.505922,2.550020,6.332478,0.329667,0.037815
CHRRM,10.000000,15.000000,2.500000,4.000000,0.625000,-1.045821,-0.010413,1.289226,6.751833,2.491771,7.500483,0.330864,0.038046
CLRRMm,10.000000,15.000000,2.500000,4.000000,0.625000,0.881636,0.247911,-4.649260,6.620992,2.521131,6.849899,0.330021,0.037882
CLRRMt,10.000000,15.000000,2.500000,4.000000,0.625000,-0.475044,0.062419,-0.464364,6.713960,2.499927,7.304591,0.330567,0.037987
NRRM,10.000000,15.000000,2.500000,4.000000,0.625000,-2.616528,0.195488,5.913924,12.359235,18.657632,40.532710,0.001098,0.000251
CNRRM,10.000000,15.000000,2.500000,4.000000,0.625000,-1.025056,-0.142273,1.452779,6.037211,2.440550,6.987257,0.001098,0.000247
LRRM,10.000000,30.000000,2.500000,4.000000,0.625000,7.555342,5.958457,-18.762158,15.139738,256.686135,39.825632,0.226565,0.038357
CLRRM,10.000000,30.000000,2.500000,4.000000,0.625000,8.692970,1.593146,-19.379987,9.012392,3.752093,7.543088,0.232938,0.038404
CHRRM,10.000000,30.000000,2.500000,4.000000,0.625000,2.285982,0.531008,1.811911,9.798623,3.566366,10.593958,0.236012,0.039258
CLRRMm,10.000000,30.000000,2.500000,4.000000,0.625000,6.469359,1.158781,-11.959092,9.298373,3.672828,8.537209,0.233545,0.038589
CLRRMt,10.000000,30.000000,2.500000,4.000000,0.625000,2.266494,0.528535,1.875493,9.800827,3.565966,10.604102,0.236027,0.039262
NRRM,10.000000,30.000000,2.500000,4.000000,0.625000,-2.449423,-0.396920,12.173964,20.788081,122.517023,69.998400,0.001554,0.000513
CNRRM,10.000000,30.000000,2.500000,4.000000,0.625000,1.774438,0.150958,1.708002,8.660803,3.487771,9.831565,0.001556,0.000499
LRRM,10.000000,60.000000,2.500000,4.000000,0.625000,18.373729,8.077093,-39.718231,19.944801,361.467012,58.005981,0.152559,0.038655
CLRRM,10.000000,60.000000,2.500000,4.000000,0.625000,18.717973,3.502955,-31.497386,12.464618,5.701878,8.380845,0.161261,0.038717
CHRRM,10.000000,60.000000,2.500000,4.000000,0.625000,7.004957,1.271695,13.695543,15.249702,5.076939,17.267616,0.170779,0.042108
CLRRMm,10.000000,60.000000,2.500000,4.000000,0.625000,15.129051,2.524281,-17.426571,13.364187,5.405175,10.711190,0.162952,0.039333
CLRRMt,10.000000,60.000000,2.500000,4.000000,0.625000,8.671163,1.461010,7.391928,14.884746,5.122474,15.778693,0.168766,0.041379
NRRM,10.000000,60.000000,2.500000,4.000000,0.625000,-8.404139,-0.996507,23.404103,42.872510,153.275410,101.830229,0.002216,0.001088
CNRRM,10.000000,60.000000,2.500000,4.000000,0.625000,3.846941,-0.122335,11.958304,13.338612,4.884006,16.136848,0.002211,0.001026
LRRM,15.000000,1.000000,2.500000,4.000000,0.625000,0.071589,0.037993,-0.253178,2.142707,0.521287,5.920640,0.842126,0.024613
CLRRM,15.000000,1.000000,2.500000,4.000000,0.625000,0.121370,0.025745,-0.376975,1.152668,0.430112,1.244590,0.843213,0.024619
CHRRM,15.000000,1.000000,2.500000,4.000000,0.625000,-0.016916,0.007335,0.054919,1.154298,0.429761,1.252740,0.843222,0.024620
CLRRMm,15.000000,1.000000,2.500000,4.000000,0.625000,0.046020,0.015692,-0.141611,1.153557,0.429920,1.249027,0.843216,0.024620
CLRRMt,15.000000,1.000000,2.500000,4.000000,0.625000,0.002401,0.009896,-0.005396,1.154070,0.429810,1.251600,0.843220,0.024620
NRRM,15.000000,1.000000,2.500000,4.000000,0.625000,-0.045157,0.017996,0.153054,1.982761,0.508705,5.871372,0.000127,0.000007
CNRRM,15.000000,1.000000,2.500000,4.000000,0.625000,-0.009034,0.004670,0.065716,1.025471,0.420977,1.159448,0.000127,0.000007
LRRM,15.000000,5.000000,2.500000,4.000000,0.625000,0.396843,0.160851,-1.307355,4.769053,1.172461,13.103320,0.375952,0.024589
CLRRM,15.000000,5.000000,2.500000,4.000000,0.625000,0.552254,0.084736,-1.622100,2.589934,0.960625,2.749337,0.378330,0.024668
CHRRM,15.000000,5.000000,2.500000,4.000000,0.625000,-0.052190,0.003970,0.264105,2.606023,0.957274,2.829255,0.378422,0.024687
CLRRMm,15.000000,5.000000,2.500000,4.000000,0.625000,0.273949,0.047117,-0.753034,2.597383,0.959058,2.785985,0.378359,0.024675
CLRRMt,15.000000,5.000000,2.500000,4.000000,0.625000,0.025549,0.014164,0.021785,2.603972,0.957694,2.818910,0.378404,0.024684
NRRM,15.000000,5.000000,2.500000,4.000000,0.625000,-0.216136,0.054777,0.680899,4.485402,1.145034,13.287771,0.000283,0.000037
CNRRM,15.000000,5.000000,2.500000,4.000000,0.625000,-0.045836,-0.015611,0.291262,2.320019,0.937627,2.618570,0.000283,0.000037
LRRM,15.000000,10.000000,2.500000,4.000000,0.625000,0.553201,0.309286,-2.147765,6.895550,1.689164,18.781171,0.265280,0.024769
CLRRM,15.000000,10.000000,2.500000,4.000000,0.625000,0.889086,0.146942,-2.802908,3.675746,1.355276,3.843507,0.268675,0.024972
CHRRM,15.000000,10.000000,2.500000,4.000000,0.625000,-0.298672,-0.010373,0.881704,3.720194,1.345893,4.064996,0.268923,0.025036
CLRRMm,15.000000,10.000000,2.500000,4.000000,0.625000,0.296079,0.066746,-0.961055,3.698164,1.350461,3.953281,0.268763,0.024997
CLRRMt,15.000000,10.000000,2.500000,4.000000,0.625000,-0.009048,0.026779,-0.015094,3.709523,1.348086,4.010393,0.268836,0.025016
NRRM,15.000000,10.000000,2.500000,4.000000,0.625000,-0.713671,0.086318,1.818152,6.648990,1.646034,19.763502,0.000401,0.000074
CNRRM,15.000000,10.000000,2.500000,4.000000,0.625000,-0.316060,-0.059465,0.916293,3.318326,1.320457,3.773999,0.000401,0.000074
LRRM,15.000000,15.000000,2.500000,4.000000,0.625000,0.316956,0.354167,-2.914154,7.972578,2.100630,21.733288,0.215946,0.025186
CLRRM,15.000000,15.000000,2.500000,4.000000,0.625000,0.807870,0.130652,-3.974059,4.393128,1.674038,4.575088,0.219808,0.025419
CHRRM,15.000000,15.000000,2.500000,4.000000,0.625000,-0.932848,-0.101331,1.412472,4.471759,1.656864,4.966914,0.220230,0.025505
CLRRMm,15.000000,15.000000,2.500000,4.000000,0.625000,-0.036754,0.014497,-1.355469,4.431854,1.665359,4.763107,0.219947,0.025448
CLRRMt,15.000000,15.000000,2.500000,4.000000,0.625000,-0.374063,-0.029963,-0.312324,4.447019,1.662079,4.839303,0.220037,0.025466
NRRM,15.000000,15.000000,2.500000,4.000000,0.625000,-1.705077,-0.006191,2.848722,7.895412,2.058759,23.819164,0.000489,0.000112
CNRRM,15.000000,15.000000,2.500000,4.000000,0.625000,-1.103024,-0.201044,1.342926,3.982725,1.624208,4.603324,0.000489,0.000111
LRRM,15.000000,30.000000,2.500000,4.000000,0.625000,5.052371,1.643175,-7.935007,10.695837,12.585859,30.515383,0.150798,0.025827
CLRRM,15.000000,30.000000,2.500000,4.000000,0.625000,5.807964,0.881275,-9.431979,6.227374,2.408367,5.864292,0.155883,0.025952
CHRRM,15.000000,30.000000,2.500000,4.000000,0.625000,2.660448,0.419312,0.943792,6.470663,2.357299,6.889075,0.156965,0.026217
CLRRMm,15.000000,30.000000,2.500000,4.000000,0.625000,4.496748,0.674940,-5.092120,6.331236,2.385107,6.280475,0.156174,0.026021
CLRRMt,15.000000,30.000000,2.500000,4.000000,0.625000,2.334025,0.377455,2.011688,6.494683,2.352855,7.000377,0.157151,0.026264
NRRM,15.000000,30.000000,2.500000,4.000000,0.625000,0.307579,0.588443,4.187694,12.308013,3.838752,38.574221,0.000693,0.000230
CNRRM,15.000000,30.000000,2.500000,4.000000,0.625000,1.890405,0.123442,0.491356,5.720354,2.310890,6.379593,0.000694,0.000224
LRRM,15.000000,60.000000,2.500000,4.000000,0.625000,14.718022,3.271052,-18.537163,14.061150,99.944845,44.632219,0.102417,0.026495
CLRRM,15.000000,60.000000,2.500000,4.000000,0.625000,15.750534,2.473389,-19.550665,8.832099,3.628439,6.892143,0.108863,0.026589
CHRRM,15.000000,60.000000,2.500000,4.000000,0.625000,9.875629,1.442246,2.990084,9.758962,3.446651,9.864592,0.111783,0.027615
CLRRMm,15.000000,60.000000,2.500000,4.000000,0.625000,13.651613,2.037549,-11.429894,9.173340,3.548293,7.885413,0.109480,0.026830
CLRRMt,15.000000,60.000000,2.500000,4.000000,0.625000,8.698144,1.293105,7.438347,9.932968,3.422681,10.531719,0.112793,0.027955
NRRM,15.000000,60.000000,2.500000,4.000000,0.625000,-1.725397,0.888351,12.465110,28.105099,82.308000,69.814871,0.000989,0.000490
CNRRM,15.000000,60.000000,2.500000,4.000000,0.625000,6.606000,0.460559,0.929093,8.480520,3.367515,9.133944,0.000991,0.000465
LRRM,20.000000,1.000000,2.500000,4.000000,0.625000,0.047815,0.019237,-0.177842,1.611702,0.393278,4.431188,0.631806,0.018295
CLRRM,20.000000,1.000000,2.500000,4.000000,0.625000,0.073704,0.012106,-0.240358,0.870648,0.323808,0.944226,0.632616,0.018310
CHRRM,20.000000,1.000000,2.500000,4.000000,0.625000,-0.001197,0.002143,-0.006410,0.871314,0.323664,0.947564,0.632620,0.018311
CLRRMm,20.000000,1.000000,2.500000,4.000000,0.625000,0.033655,0.006772,-0.115259,0.871004,0.323731,0.946010,0.632618,0.018310
CLRRMt,20.000000,1.000000,2.500000,4.000000,0.625000,-0.002272,0.002000,-0.003054,0.871323,0.323661,0.947612,0.632620,0.018311
NRRM,20.000000,1.000000,2.500000,4.000000,0.625000,-0.018752,0.007468,0.056956,1.479561,0.382912,4.378193,0.000072,0.000004
CNRRM,20.000000,1.000000,2.500000,4.000000,0.625000,0.003461,0.000465,0.000054,0.776167,0.316535,0.878283,0.000072,0.000004
LRRM,20.000000,5.000000,2.500000,4.000000,0.625000,0.220919,0.099981,-0.714831,3.657456,0.887378,9.943572,0.282115,0.018410
CLRRM,20.000000,5.000000,2.500000,4.000000,0.625000,0.344316,0.062616,-1.003098,1.954085,0.724723,2.106811,0.283949,0.018464
CHRRM,20.000000,5.000000,2.500000,4.000000,0.625000,-0.031271,0.012738,0.167804,1.961659,0.723067,2.144454,0.283991,0.018468
CLRRMm,20.000000,5.000000,2.500000,4.000000,0.625000,0.148511,0.036448,-0.392442,1.958046,0.723853,2.126392,0.283964,0.018465
CLRRMt,20.000000,5.000000,2.500000,4.000000,0.625000,0.020318,0.019511,0.007084,1.960625,0.723292,2.139263,0.283982,0.018467
NRRM,20.000000,5.000000,2.500000,4.000000,0.625000,-0.137293,0.036904,0.414036,3.423505,0.866971,9.959777,0.000160,0.000021
CNRRM,20.000000,5.000000,2.500000,4.000000,0.625000,-0.035338,-0.001217,0.178328,1.756193,0.706945,1.994805,0.000160,0.000021
LRRM,20.000000,10.000000,2.500000,4.000000,0.625000,0.251577,0.162804,-1.146130,5.171974,1.260400,13.871041,0.199123,0.018661
CLRRM,20.000000,10.000000,2.500000,4.000000,0.625000,0.443611,0.080870,-1.536571,2.753612,1.023056,2.940403,0.201643,0.018774
CHRRM,20.000000,10.000000,2.500000,4.000000,0.625000,-0.262891,-0.011478,0.650492,2.773391,1.018821,3.039546,0.201757,0.018787
CLRRMm,20.000000,10.000000,2.500000,4.000000,0.625000,0.108963,0.036555,-0.499832,2.763041,1.021016,2.987151,0.201681,0.018777
CLRRMt,20.000000,10.000000,2.500000,4.000000,0.625000,-0.038440,0.017365,-0.043632,2.767160,1.020137,3.007864,0.201707,0.018781
NRRM,20.000000,10.000000,2.500000,4.000000,0.625000,-0.474625,0.030799,1.049817,4.879329,1.233444,14.123989,0.000226,0.000042
CNRRM,20.000000,10.000000,2.500000,4.000000,0.625000,-0.290441,-0.048200,0.660957,2.484138,0.996002,2.828763,0.000226,0.000041
LRRM,20.000000,15.000000,2.500000,4.000000,0.625000,-0.215540,0.171221,-1.250124,6.143127,1.558562,16.861600,0.162351,0.018861
CLRRM,20.000000,15.000000,2.500000,4.000000,0.625000,0.037699,0.044469,-1.794074,3.321835,1.265654,3.548439,0.165471,0.019011
CHRRM,20.000000,15.000000,2.500000,4.000000,0.625000,-1.003230,-0.090581,1.413173,3.356017,1.258252,3.724808,0.165677,0.019056
CLRRMm,20.000000,15.000000,2.500000,4.000000,0.625000,-0.436314,-0.018253,-0.331823,3.337555,1.262196,3.628202,0.165534,0.019025
CLRRMt,20.000000,15.000000,2.500000,4.000000,0.625000,-0.419017,-0.016001,-0.385129,3.336986,1.262319,3.625275,0.165531,0.019024
NRRM,20.000000,15.000000,2.500000,4.000000,0.625000,-1.513192,-0.062782,2.049923,5.984629,1.535451,17.593128,0.000277,0.000063
CNRRM,20.000000,15.000000,2.500000,4.000000,0.625000,-1.193332,-0.174188,1.305269,2.993341,1.229712,3.457645,0.000277,0.000062
LRRM,20.000000,30.000000,2.500000,4.000000,0.625000,4.224873,0.971867,-4.775405,8.226000,2.334317,23.836032,0.113444,0.019565
CLRRM,20.000000,30.000000,2.500000,4.000000,0.625000,4.721965,0.678360,-5.925041,4.758377,1.813871,4.657851,0.117525,0.019749
CHRRM,20.000000,30.000000,2.500000,4.000000,0.625000,2.726223,0.397865,0.622799,4.872420,1.791481,5.152211,0.118061,0.019880
CLRRMm,20.000000,30.000000,2.500000,4.000000,0.625000,3.871462,0.553583,-3.127562,4.807758,1.803783,4.865290,0.117671,0.019784
CLRRMt,20.000000,30.000000,2.500000,4.000000,0.625000,2.306981,0.344097,1.990995,4.895553,1.787308,5.259411,0.118259,0.019930
NRRM,20.000000,30.000000,2.500000,4.000000,0.625000,1.076223,0.346639,2.007152,8.790757,2.365863,26.880725,0.000393,0.000132
CNRRM,20.000000,30.000000,2.500000,4.000000,0.625000,1.908589,0.133502,0.090744,4.290852,1.751565,4.760298,0.000393,0.000128
LRRM,20.000000,60.000000,2.500000,4.000000,0.625000,13.302698,2.427866,-11.342886,10.943028,37.048437,35.406679,0.077241,0.020251
CLRRM,20.000000,60.000000,2.500000,4.000000,0.625000,14.121807,1.967360,-13.155001,6.859558,2.660543,5.743688,0.082417,0.020431
CHRRM,20.000000,60.000000,2.500000,4.000000,0.625000,10.027666,1.310536,2.466486,7.336158,2.576996,7.330992,0.084077,0.021021
CLRRMm,20.000000,60.000000,2.500000,4.000000,0.625000,12.790416,1.726380,-8.042714,7.018446,2.628859,6.236358,0.082714,0.020554
CLRRMt,20.000000,60.000000,2.500000,4.000000,0.625000,8.684638,1.141087,7.527851,7.484148,2.556932,7.897937,0.085084,0.021351
NRRM,20.000000,60.000000,2.500000,4.000000,0.625000,2.054928,0.539787,7.311944,19.867073,27.997226,50.691045,0.000561,0.000280
CNRRM,20.000000,60.000000,2.500000,4.000000,0.625000,6.666133,0.389212,0.263719,6.352562,2.501684,6.777889,0.000561,0.000265
LRRM,25.000000,1.000000,2.500000,4.000000,0.625000,0.009132,0.006328,-0.087669,1.292797,0.311961,3.608845,0.505496,0.014694
CLRRM,25.000000,1.000000,2.500000,4.000000,0.625000,0.027381,0.001800,-0.133613,0.700174,0.257989,0.758725,0.506165,0.014704
CHRRM,25.000000,1.000000,2.500000,4.000000,0.625000,-0.003883,-0.002354,-0.035979,0.700393,0.257942,0.759839,0.506166,0.014704
CLRRMm,25.000000,1.000000,2.500000,4.000000,0.625000,-0.000377,-0.001889,-0.046927,0.700368,0.257947,0.759714,0.506166,0.014704
CLRRMt,25.000000,1.000000,2.500000,4.000000,0.625000,-0.012710,-0.003525,-0.008417,0.700454,0.257929,0.760153,0.506167,0.014704
NRRM,25.000000,1.000000,2.500000,4.000000,0.625000,-0.029519,-0.000752,0.055356,1.198149,0.303705,3.562025,0.000046,0.000003
CNRRM,25.000000,1.000000,2.500000,4.000000,0.625000,-0.000164,-0.002945,-0.031584,0.626730,0.252325,0.706971,0.000046,0.000003
LRRM,25.000000,5.000000,2.500000,4.000000,0.625000,0.130170,0.057745,-0.499062,2.866527,0.702948,7.884896,0.225751,0.014737
CLRRM,25.000000,5.000000,2.500000,4.000000,0.625000,0.223482,0.036711,-0.732593,1.547938,0.584703,1.670338,0.227185,0.014788
CHRRM,25.000000,5.000000,2.500000,4.000000,0.625000,-0.019424,0.004495,0.024414,1.551812,0.583855,1.689572,0.227205,0.014787
CLRRMm,25.000000,5.000000,2.500000,4.000000,0.625000,0.084650,0.018230,-0.299834,1.550156,0.584216,1.681317,0.227193,0.014787
CLRRMt,25.000000,5.000000,2.500000,4.000000,0.625000,-0.008275,0.005962,-0.010313,1.551635,0.583894,1.688687,0.227203,0.014787
NRRM,25.000000,5.000000,2.500000,4.000000,0.625000,-0.118905,0.013700,0.243631,2.653204,0.682928,7.850836,0.000102,0.000013
CNRRM,25.000000,5.000000,2.500000,4.000000,0.625000,-0.034320,-0.006286,0.020831,1.370396,0.570267,1.564308,0.000102,0.000013
LRRM,25.000000,10.000000,2.500000,4.000000,0.625000,0.142443,0.099327,-0.615056,4.094428,0.994436,11.185331,0.159239,0.014861
CLRRM,25.000000,10.000000,2.500000,4.000000,0.625000,0.328421,0.056322,-1.073522,2.191892,0.821014,2.348274,0.161258,0.014942
CHRRM,25.000000,10.000000,2.500000,4.000000,0.625000,-0.133343,-0.003966,0.357069,2.202155,0.818803,2.399705,0.161309,0.014936
CLRRMm,25.000000,10.000000,2.500000,4.000000,0.625000,0.048998,0.019607,-0.207515,2.198122,0.819665,2.379327,0.161281,0.014937
CLRRMt,25.000000,10.000000,2.500000,4.000000,0.625000,-0.012641,0.011605,-0.016613,2.199488,0.819372,2.386206,0.161289,0.014937
NRRM,25.000000,10.000000,2.500000,4.000000,0.625000,-0.404305,-0.000088,0.879745,3.863010,0.972779,11.323524,0.000145,0.000027
CNRRM,25.000000,10.000000,2.500000,4.000000,0.625000,-0.196649,-0.035230,0.325819,1.953539,0.799607,2.224466,0.000145,0.000026
LRRM,25.000000,15.000000,2.500000,4.000000,0.625000,-0.390409,0.067184,-0.806242,4.886139,1.224310,13.458449,0.129749,0.015035
CLRRM,25.000000,15.000000,2.500000,4.000000,0.625000,-0.159768,-0.001615,-1.366245,2.632586,1.005920,2.843634,0.132240,0.015235
CHRRM,25.000000,15.000000,2.500000,4.000000,0.625000,-0.905103,-0.098345,0.928510,2.652158,1.001582,2.944033,0.132354,0.015258
CLRRMm,25.000000,15.000000,2.500000,4.000000,0.625000,-0.530148,-0.050314,-0.225003,2.642376,1.003727,2.893299,0.132277,0.015243
CLRRMt,25.000000,15.000000,2.500000,4.000000,0.625000,-0.468547,-0.042303,-0.414687,2.640756,1.004087,2.885008,0.132268,0.015241
NRRM,25.000000,15.000000,2.500000,4.000000,0.625000,-1.334380,-0.108166,1.359307,4.684375,1.205379,13.774495,0.000177,0.000040
CNRRM,25.000000,15.000000,2.500000,4.000000,0.625000,-1.107347,-0.171460,0.797586,2.356351,0.980558,2.726820,0.000177,0.000040
LRRM,25.000000,30.000000,2.500000,4.000000,0.625000,3.876619,0.758909,-3.600857,6.580809,1.803265,19.305245,0.090607,0.015585
CLRRM,25.000000,30.000000,2.500000,4.000000,0.625000,4.197989,0.583786,-4.393676,3.794548,1.440657,3.802981,0.093968,0.015757
CHRRM,25.000000,30.000000,2.500000,4.000000,0.625000,2.764845,0.385114,0.301615,3.859296,1.427774,4.086780,0.094306,0.015848
CLRRMm,25.000000,30.000000,2.500000,4.000000,0.625000,3.638140,0.503600,-2.555922,3.820157,1.435406,3.912561,0.094049,0.015779
CLRRMt,25.000000,30.000000,2.500000,4.000000,0.625000,2.258028,0.319790,1.954912,3.881548,1.423631,4.189715,0.094528,0.015908
NRRM,25.000000,30.000000,2.500000,4.000000,0.625000,1.365103,0.257564,0.969012,6.890168,1.840725,20.882491,0.000251,0.000084
CNRRM,25.000000,30.000000,2.500000,4.000000,0.625000,1.895182,0.132844,-0.293740,3.389529,1.395783,3.759870,0.000251,0.000082
LRRM,25.000000,60.000000,2.500000,4.000000,0.625000,12.690756,2.471320,-9.107504,8.868835,6.502918,28.989611,0.061397,0.015975
CLRRM,25.000000,60.000000,2.500000,4.000000,0.625000,13.280846,1.830997,-10.701185,5.600844,2.129091,4.845526,0.065821,0.016067
CHRRM,25.000000,60.000000,2.500000,4.000000,0.625000,10.257624,1.351700,0.775558,5.880589,2.079753,5.792234,0.066911,0.016413
CLRRMm,25.000000,60.000000,2.500000,4.000000,0.625000,12.358616,1.670747,-7.182777,5.687911,2.112168,5.124529,0.065998,0.016125
CLRRMt,25.000000,60.000000,2.500000,4.000000,0.625000,8.507513,1.126069,7.345225,6.034558,2.057896,6.382063,0.068184,0.016821
NRRM,25.000000,60.000000,2.500000,4.000000,0.625000,4.194629,0.541746,2.936132,14.283966,5.795886,38.025447,0.000357,0.000177
CNRRM,25.000000,60.000000,2.500000,4.000000,0.625000,6.869024,0.478303,-1.463157,5.082164,2.027436,5.329897,0.000357,0.000167
LRRM,30.000000,1.000000,2.500000,4.000000,0.625000,0.003339,0.005746,0.011397,1.074697,0.261943,2.981911,0.421217,0.012208
CLRRM,30.000000,1.000000,2.500000,4.000000,0.625000,0.013963,0.002440,-0.014475,0.591619,0.217211,0.638924,0.421763,0.012222
CHRRM,30.000000,1.000000,2.500000,4.000000,0.625000,-0.015589,-0.001478,0.077835,0.591792,0.217174,0.639811,0.421764,0.012222
CLRRMm,30.000000,1.000000,2.500000,4.000000,0.625000,-0.003164,0.000168,0.039023,0.591719,0.217190,0.639438,0.421763,0.012222
CLRRMt,30.000000,1.000000,2.500000,4.000000,0.625000,0.007317,0.001558,0.006287,0.591658,0.217203,0.639123,0.421763,0.012222
NRRM,30.000000,1.000000,2.500000,4.000000,0.625000,-0.026539,0.001011,0.111139,0.991607,0.254644,2.945613,0.000032,0.000002
CNRRM,30.000000,1.000000,2.500000,4.000000,0.625000,-0.014738,-0.001840,0.079115,0.528002,0.211632,0.594398,0.000032,0.000002
LRRM,30.000000,5.000000,2.500000,4.000000,0.625000,0.100068,0.038019,-0.282368,2.409057,0.584620,6.639951,0.188180,0.012285
CLRRM,30.000000,5.000000,2.500000,4.000000,0.625000,0.160712,0.022554,-0.433725,1.318949,0.484262,1.422663,0.189396,0.012324
CHRRM,30.000000,5.000000,2.500000,4.000000,0.625000,-0.001358,0.001130,0.071624,1.321109,0.483804,1.433554,0.189407,0.012326
CLRRMm,30.000000,5.000000,2.500000,4.000000,0.625000,0.067611,0.010217,-0.143385,1.320192,0.483998,1.428914,0.189401,0.012325
CLRRMt,30.000000,5.000000,2.500000,4.000000,0.625000,0.016559,0.003487,0.015774,1.320871,0.483854,1.432348,0.189405,0.012326
NRRM,30.000000,5.000000,2.500000,4.000000,0.625000,-0.086849,0.006133,0.240477,2.252141,0.571886,6.609300,0.000071,0.000009
CNRRM,30.000000,5.000000,2.500000,4.000000,0.625000,-0.020506,-0.006963,0.060847,1.179203,0.473719,1.329222,0.000071,0.000009
LRRM,30.000000,10.000000,2.500000,4.000000,0.625000,0.112980,0.061594,-0.427797,3.450816,0.829710,9.422213,0.132717,0.012433
CLRRM,30.000000,10.000000,2.500000,4.000000,0.625000,0.212677,0.027162,-0.655412,1.856815,0.683706,2.001302,0.134441,0.012519
CHRRM,30.000000,10.000000,2.500000,4.000000,0.625000,-0.134474,-0.017965,0.420665,1.863309,0.682326,2.034102,0.134479,0.012526
CLRRMm,30.000000,10.000000,2.500000,4.000000,0.625000,0.046874,0.005472,-0.141273,1.859926,0.683042,2.016933,0.134453,0.012521
CLRRMt,30.000000,10.000000,2.500000,4.000000,0.625000,-0.000514,-0.000681,0.005607,1.860812,0.682854,2.021412,0.134458,0.012522
NRRM,30.000000,10.000000,2.500000,4.000000,0.625000,-0.308558,-0.015085,0.660031,3.250045,0.813296,9.464558,0.000101,0.000019
CNRRM,30.000000,10.000000,2.500000,4.000000,0.625000,-0.197024,-0.045480,0.386006,1.661995,0.668166,1.887609,0.000101,0.000018
LRRM,30.000000,15.000000,2.500000,4.000000,0.625000,-0.420878,0.011354,-0.275269,4.089062,1.012827,11.175999,0.108208,0.012557
CLRRM,30.000000,15.000000,2.500000,4.000000,0.625000,-0.328482,-0.043037,-0.466770,2.249398,0.831395,2.439464,0.110266,0.012674
CHRRM,30.000000,15.000000,2.500000,4.000000,0.625000,-0.869618,-0.112441,1.202586,2.261419,0.828874,2.501707,0.110349,0.012688
CLRRMm,30.000000,15.000000,2.500000,4.000000,0.625000,-0.517931,-0.067634,0.118098,2.253632,0.830498,2.461163,0.110284,0.012676
CLRRMt,30.000000,15.000000,2.500000,4.000000,0.625000,-0.376278,-0.049273,-0.319169,2.250469,0.831168,2.444929,0.110270,0.012674
NRRM,30.000000,15.000000,2.500000,4.000000,0.625000,-1.240790,-0.139269,1.357083,3.927986,1.004294,11.353118,0.000123,0.000028
CNRRM,30.000000,15.000000,2.500000,4.000000,0.625000,-1.104853,-0.184907,1.036418,2.017796,0.811437,2.311368,0.000123,0.000028
LRRM,30.000000,30.000000,2.500000,4.000000,0.625000,3.823317,0.643792,-2.918990,5.544851,1.457315,15.984789,0.075544,0.012867
CLRRM,30.000000,30.000000,2.500000,4.000000,0.625000,4.034186,0.527983,-3.411870,3.212711,1.191602,3.245093,0.078321,0.013043
CHRRM,30.000000,30.000000,2.500000,4.000000,0.625000,2.865218,0.367676,0.428490,3.257212,1.183088,3.441254,0.078580,0.013096
CLRRMm,30.000000,30.000000,2.500000,4.000000,0.625000,3.663186,0.475564,-2.190864,3.226997,1.188792,3.306695,0.078366,0.013050
CLRRMt,30.000000,30.000000,2.500000,4.000000,0.625000,2.363666,0.303062,2.070089,3.275838,1.179722,3.527265,0.078794,0.013145
NRRM,30.000000,30.000000,2.500000,4.000000,0.625000,1.630089,0.205699,0.462598,5.692967,1.485890,16.817181,0.000175,0.000058
CNRRM,30.000000,30.000000,2.500000,4.000000,0.625000,1.946159,0.118307,-0.218918,2.869914,1.159066,3.168500,0.000174,0.000056
LRRM,30.000000,60.000000,2.500000,4.000000,0.625000,12.610076,2.045493,-7.658684,7.445131,2.365239,24.998559,0.051167,0.013328
CLRRM,30.000000,60.000000,2.500000,4.000000,0.625000,13.059855,1.712141,-9.043842,4.698232,1.744477,4.122192,0.054992,0.013525
CHRRM,30.000000,60.000000,2.500000,4.000000,0.625000,10.511311,1.315496,0.674796,4.894418,1.711541,4.791282,0.055882,0.013774
CLRRMm,30.000000,60.000000,2.500000,4.000000,0.625000,12.349113,1.592280,-6.321502,4.753931,1.734288,4.303278,0.055116,0.013557
CLRRMt,30.000000,60.000000,2.500000,4.000000,0.625000,8.687732,1.080365,7.556693,5.028392,1.693103,5.303347,0.057240,0.014178
NRRM,30.000000,60.000000,2.500000,4.000000,0.625000,5.332470,0.467974,1.285237,11.256250,2.974643,30.773313,0.000248,0.000124
CNRRM,30.000000,60.000000,2.500000,4.000000,0.625000,7.072483,0.453586,-1.615121,4.232854,1.662026,4.397139,0.000249,0.000118
LRRM,35.000000,1.000000,2.500000,4.000000,0.625000,0.032746,0.008701,-0.100246,0.922076,0.221396,2.520557,0.361045,0.010443
CLRRM,35.000000,1.000000,2.500000,4.000000,0.625000,0.046717,0.007143,-0.137659,0.502686,0.183206,0.541883,0.361505,0.010447
CHRRM,35.000000,1.000000,2.500000,4.000000,0.625000,0.024306,0.004163,-0.067655,0.502799,0.183182,0.542455,0.361505,0.010447
CLRRMm,35.000000,1.000000,2.500000,4.000000,0.625000,0.028209,0.004682,-0.079845,0.502779,0.183186,0.542355,0.361505,0.010447
CLRRMt,35.000000,1.000000,2.500000,4.000000,0.625000,0.002211,0.001229,0.001359,0.502911,0.183158,0.543019,0.361507,0.010447
NRRM,35.000000,1.000000,2.500000,4.000000,0.625000,0.011284,0.004965,-0.030460,0.844823,0.215074,2.477073,0.000023,0.000001
CNRRM,35.000000,1.000000,2.500000,4.000000,0.625000,0.024055,0.003663,-0.067359,0.447438,0.179085,0.502752,0.000023,0.000001
LRRM,35.000000,5.000000,2.500000,4.000000,0.625000,0.110289,0.036988,-0.343205,2.060569,0.500458,5.684489,0.161268,0.010629
CLRRM,35.000000,5.000000,2.500000,4.000000,0.625000,0.152615,0.025258,-0.446705,1.120726,0.414375,1.203560,0.162314,0.010646
CHRRM,35.000000,5.000000,2.500000,4.000000,0.625000,0.014538,0.007000,-0.016431,1.122278,0.414048,1.211405,0.162323,0.010646
CLRRMm,35.000000,5.000000,2.500000,4.000000,0.625000,0.086588,0.016505,-0.240921,1.121469,0.414218,1.207308,0.162317,0.010646
CLRRMt,35.000000,5.000000,2.500000,4.000000,0.625000,0.008044,0.006146,0.003799,1.122351,0.414033,1.211774,0.162324,0.010646
NRRM,35.000000,5.000000,2.500000,4.000000,0.625000,-0.018496,0.012833,0.027626,1.904753,0.486335,5.617823,0.000052,0.000007
CNRRM,35.000000,5.000000,2.500000,4.000000,0.625000,0.004724,-0.000942,-0.018058,0.995090,0.403976,1.120550,0.000052,0.000007
LRRM,35.000000,10.000000,2.500000,4.000000,0.625000,0.070190,0.055127,-0.402807,2.927880,0.697172,7.994885,0.113767,0.010745
CLRRM,35.000000,10.000000,2.500000,4.000000,0.625000,0.169473,0.034057,-0.650104,1.575757,0.579458,1.692832,0.115225,0.010800
CHRRM,35.000000,10.000000,2.500000,4.000000,0.625000,-0.144394,-0.006754,0.321672,1.580677,0.578428,1.717866,0.115254,0.010806
CLRRMm,35.000000,10.000000,2.500000,4.000000,0.625000,0.022668,0.014857,-0.195418,1.578065,0.578973,1.704517,0.115233,0.010802
CLRRMt,35.000000,10.000000,2.500000,4.000000,0.625000,-0.029535,0.008077,-0.033800,1.578883,0.578801,1.708683,0.115238,0.010803
NRRM,35.000000,10.000000,2.500000,4.000000,0.625000,-0.275982,-0.010820,0.408016,2.749462,0.681000,7.978277,0.000074,0.000014
CNRRM,35.000000,10.000000,2.500000,4.000000,0.625000,-0.215494,-0.035705,0.279775,1.413463,0.565729,1.600537,0.000074,0.000014
LRRM,35.000000,15.000000,2.500000,4.000000,0.625000,-0.447482,-0.010313,-0.375341,3.475501,0.859482,9.507198,0.092705,0.010800
CLRRM,35.000000,15.000000,2.500000,4.000000,0.625000,-0.394836,-0.051968,-0.462380,1.891687,0.715299,2.053445,0.094463,0.010884
CHRRM,35.000000,15.000000,2.500000,4.000000,0.625000,-0.824715,-0.107235,0.861718,1.899617,0.713573,2.094794,0.094524,0.010893
CLRRMm,35.000000,15.000000,2.500000,4.000000,0.625000,-0.517016,-0.067845,-0.085798,1.893953,0.714801,2.065154,0.094473,0.010885
CLRRMt,35.000000,15.000000,2.500000,4.000000,0.625000,-0.426484,-0.056093,-0.364816,1.892275,0.715170,2.056475,0.094465,0.010884
NRRM,35.000000,15.000000,2.500000,4.000000,0.625000,-1.106055,-0.136943,0.846538,3.314313,0.846034,9.543722,0.000090,0.000021
CNRRM,35.000000,15.000000,2.500000,4.000000,0.625000,-1.035408,-0.174261,0.715744,1.701786,0.697220,1.954890,0.000090,0.000021
LRRM,35.000000,30.000000,2.500000,4.000000,0.625000,3.677161,0.604038,-2.824927,4.728223,1.253734,13.737081,0.064504,0.011024
CLRRM,35.000000,30.000000,2.500000,4.000000,0.625000,3.838116,0.520504,-3.218794,2.711137,1.026599,2.758967,0.066944,0.011053
CHRRM,35.000000,30.000000,2.500000,4.000000,0.625000,2.876270,0.388460,-0.070617,2.741542,1.020485,2.894470,0.067138,0.011107
CLRRMm,35.000000,30.000000,2.500000,4.000000,0.625000,3.555531,0.480713,-2.292467,2.720158,1.024742,2.798422,0.066973,0.011061
CLRRMt,35.000000,30.000000,2.500000,4.000000,0.625000,2.255714,0.308143,1.953320,2.760703,1.016834,2.983705,0.067403,0.011180
NRRM,35.000000,30.000000,2.500000,4.000000,0.625000,1.758057,0.213010,-0.221696,4.852477,1.277615,14.274603,0.000127,0.000043
CNRRM,35.000000,30.000000,2.500000,4.000000,0.625000,1.981483,0.148228,-0.700622,2.438606,0.994908,2.694004,0.000127,0.000041
LRRM,35.000000,60.000000,2.500000,4.000000,0.625000,12.258003,1.881428,-7.046250,6.297615,1.897215,21.006861,0.043654,0.011211
CLRRM,35.000000,60.000000,2.500000,4.000000,0.625000,12.600999,1.667589,-8.095815,3.976467,1.492330,3.560391,0.046930,0.011358
CHRRM,35.000000,60.000000,2.500000,4.000000,0.625000,10.462277,1.337891,-0.001820,4.114220,1.468529,4.034123,0.047616,0.011563
CLRRMm,35.000000,60.000000,2.500000,4.000000,0.625000,12.073448,1.580364,-6.091503,4.010990,1.485905,3.674259,0.047006,0.011378
CLRRMt,35.000000,60.000000,2.500000,4.000000,0.625000,8.498144,1.083585,7.358541,4.235248,1.451094,4.497210,0.049086,0.012027
NRRM,35.000000,60.000000,2.500000,4.000000,0.625000,5.850090,0.496665,-0.102371,8.930203,2.330968,24.746379,0.000181,0.000089
CNRRM,35.000000,60.000000,2.500000,4.000000,0.625000,7.069323,0.497822,-2.258584,3.576286,1.428039,3.731349,0.000181,0.000084
LRRM,40.000000,1.000000,2.500000,4.000000,0.625000,0.013631,0.003994,-0.026880,0.814470,0.197382,2.244986,0.315700,0.009180
CLRRM,40.000000,1.000000,2.500000,4.000000,0.625000,0.019387,0.002068,-0.040275,0.436583,0.162513,0.471491,0.316117,0.009186
CHRRM,40.000000,1.000000,2.500000,4.000000,0.625000,-0.000860,-0.000619,0.022973,0.436673,0.162494,0.471942,0.316118,0.009186
CLRRMm,40.000000,1.000000,2.500000,4.000000,0.625000,0.009962,0.000817,-0.010831,0.436625,0.162504,0.471701,0.316117,0.009186
CLRRMt,40.000000,1.000000,2.500000,4.000000,0.625000,0.004883,0.000143,0.005032,0.436647,0.162500,0.471814,0.316117,0.009186
NRRM,40.000000,1.000000,2.500000,4.000000,0.625000,-0.010079,0.000115,0.039241,0.750191,0.192638,2.215135,0.000018,0.000001
CNRRM,40.000000,1.000000,2.500000,4.000000,0.625000,-0.003372,-0.001505,0.021382,0.386965,0.158971,0.435683,0.000018,0.000001
LRRM,40.000000,5.000000,2.500000,4.000000,0.625000,0.075172,0.022545,-0.136111,1.805888,0.444806,5.034208,0.141002,0.009199
CLRRM,40.000000,5.000000,2.500000,4.000000,0.625000,0.111134,0.013865,-0.228365,0.974085,0.364947,1.050561,0.141928,0.009263
CHRRM,40.000000,5.000000,2.500000,4.000000,0.625000,0.009243,0.000434,0.089340,0.975090,0.364734,1.055616,0.141934,0.009263
CLRRMm,40.000000,5.000000,2.500000,4.000000,0.625000,0.056392,0.006637,-0.057656,0.974626,0.364832,1.053275,0.141930,0.009263
CLRRMt,40.000000,5.000000,2.500000,4.000000,0.625000,0.029077,0.003041,0.027509,0.974895,0.364775,1.054631,0.141932,0.009263
NRRM,40.000000,5.000000,2.500000,4.000000,0.625000,-0.053408,-0.000447,0.185139,1.669346,0.434182,4.978489,0.000040,0.000005
CNRRM,40.000000,5.000000,2.500000,4.000000,0.625000,-0.013936,-0.007549,0.074287,0.860148,0.355543,0.970036,0.000040,0.000005
LRRM,40.000000,10.000000,2.500000,4.000000,0.625000,0.041581,0.032900,-0.136153,2.542392,0.628079,7.140228,0.099465,0.009410
CLRRM,40.000000,10.000000,2.500000,4.000000,0.625000,0.097025,0.013426,-0.273613,1.384411,0.516021,1.502810,0.100759,0.009507
CHRRM,40.000000,10.000000,2.500000,4.000000,0.625000,-0.128334,-0.015729,0.424652,1.387506,0.515346,1.518668,0.100780,0.009509
CLRRMm,40.000000,10.000000,2.500000,4.000000,0.625000,0.002749,0.001174,0.018574,1.385709,0.515737,1.509433,0.100765,0.009507
CLRRMt,40.000000,10.000000,2.500000,4.000000,0.625000,0.006247,0.001627,0.007736,1.385661,0.515747,1.509187,0.100764,0.009507
NRRM,40.000000,10.000000,2.500000,4.000000,0.625000,-0.264191,-0.025353,0.532434,2.394663,0.618300,7.115845,0.000057,0.000011
CNRRM,40.000000,10.000000,2.500000,4.000000,0.625000,-0.203533,-0.042693,0.376385,1.234358,0.503221,1.403080,0.000057,0.000011
LRRM,40.000000,15.000000,2.500000,4.000000,0.625000,-0.557289,-0.044271,0.126557,3.096701,0.762136,8.517047,0.081053,0.009533
CLRRM,40.000000,15.000000,2.500000,4.000000,0.625000,-0.450226,-0.068449,-0.146348,1.685942,0.632369,1.831077,0.082651,0.009605
CHRRM,40.000000,15.000000,2.500000,4.000000,0.625000,-0.872414,-0.122361,1.154752,1.692924,0.630894,1.867356,0.082701,0.009617
CLRRMm,40.000000,15.000000,2.500000,4.000000,0.625000,-0.613109,-0.089436,0.355903,1.688648,0.631793,1.845030,0.082661,0.009608
CLRRMt,40.000000,15.000000,2.500000,4.000000,0.625000,-0.391778,-0.060859,-0.326655,1.684967,0.632578,1.826084,0.082650,0.009605
NRRM,40.000000,15.000000,2.500000,4.000000,0.625000,-1.158561,-0.160713,1.138336,2.924316,0.749895,8.525932,0.000069,0.000016
CNRRM,40.000000,15.000000,2.500000,4.000000,0.625000,-1.093163,-0.188284,0.996672,1.498278,0.616661,1.721873,0.000069,0.000016
LRRM,40.000000,30.000000,2.500000,4.000000,0.625000,3.562428,0.540390,-2.006549,4.194280,1.095853,12.169410,0.056614,0.009755
CLRRM,40.000000,30.000000,2.500000,4.000000,0.625000,3.736459,0.484147,-2.476040,2.435325,0.901183,2.493633,0.058757,0.009835
CHRRM,40.000000,30.000000,2.500000,4.000000,0.625000,2.892175,0.369691,0.291954,2.459260,0.896484,2.600680,0.058909,0.009872
CLRRMm,40.000000,30.000000,2.500000,4.000000,0.625000,3.467936,0.446955,-1.594553,2.443002,0.899646,2.527423,0.058780,0.009840
CLRRMt,40.000000,30.000000,2.500000,4.000000,0.625000,2.352622,0.300210,2.055433,2.474239,0.893677,2.670322,0.059128,0.009928
NRRM,40.000000,30.000000,2.500000,4.000000,0.625000,1.753261,0.170470,0.182553,4.245898,1.114907,12.537810,0.000098,0.000033
CNRRM,40.000000,30.000000,2.500000,4.000000,0.625000,1.975361,0.131694,-0.364269,2.167458,0.874226,2.399151,0.000098,0.000032
LRRM,40.000000,60.000000,2.500000,4.000000,0.625000,12.228961,1.788771,-6.341524,5.588158,1.641653,18.474988,0.038391,0.010034
CLRRM,40.000000,60.000000,2.500000,4.000000,0.625000,12.475734,1.628228,-7.081504,3.525527,1.318412,3.186497,0.041282,0.010184
CHRRM,40.000000,60.000000,2.500000,4.000000,0.625000,10.428695,1.318530,0.680142,3.641967,1.298734,3.590078,0.041973,0.010392
CLRRMm,40.000000,60.000000,2.500000,4.000000,0.625000,12.086028,1.564882,-5.597934,3.548067,1.314303,3.261322,0.041334,0.010199
CLRRMt,40.000000,60.000000,2.500000,4.000000,0.625000,8.620789,1.086225,7.471789,3.740556,1.284666,3.967955,0.043402,0.010823
NRRM,40.000000,60.000000,2.500000,4.000000,0.625000,6.153961,0.484350,-0.282808,7.673521,1.994668,21.356413,0.000140,0.000071
CNRRM,40.000000,60.000000,2.500000,4.000000,0.625000,6.976466,0.466058,-1.636188,3.144619,1.262926,3.301433,0.000140,0.000067
LRRM,45.000000,1.000000,2.500000,4.000000,0.625000,0.010243,0.001246,-0.036050,0.718128,0.176926,1.987261,0.280894,0.008125
CLRRM,45.000000,1.000000,2.500000,4.000000,0.625000,0.011801,-0.000661,-0.037422,0.392134,0.146472,0.428803,0.281259,0.008142
CHRRM,45.000000,1.000000,2.500000,4.000000,0.625000,0.004478,-0.001633,-0.014551,0.392164,0.146465,0.428951,0.281259,0.008142
CLRRMm,45.000000,1.000000,2.500000,4.000000,0.625000,0.007399,-0.001245,-0.023674,0.392152,0.146468,0.428892,0.281259,0.008142
CLRRMt,45.000000,1.000000,2.500000,4.000000,0.625000,-0.000764,-0.002328,0.001823,0.392185,0.146461,0.429057,0.281259,0.008142
NRRM,45.000000,1.000000,2.500000,4.000000,0.625000,-0.003154,-0.001054,0.010531,0.655547,0.172666,1.953591,0.000014,0.000001
CNRRM,45.000000,1.000000,2.500000,4.000000,0.625000,0.005021,-0.001810,-0.013808,0.348387,0.143550,0.396343,0.000014,0.000001
LRRM,45.000000,5.000000,2.500000,4.000000,0.625000,0.042848,0.015382,-0.136241,1.603320,0.388624,4.405988,0.125421,0.008267
CLRRM,45.000000,5.000000,2.500000,4.000000,0.625000,0.039919,0.004609,-0.109352,0.868374,0.321336,0.943739,0.126232,0.008298
CHRRM,45.000000,5.000000,2.500000,4.000000,0.625000,-0.031393,-0.004771,0.112825,0.869009,0.321200,0.946911,0.126237,0.008298
CLRRMm,45.000000,5.000000,2.500000,4.000000,0.625000,0.028706,0.003131,-0.074412,0.868474,0.321315,0.944237,0.126232,0.008298
CLRRMt,45.000000,5.000000,2.500000,4.000000,0.625000,0.003305,-0.000213,0.004729,0.868700,0.321267,0.945367,0.126234,0.008298
NRRM,45.000000,5.000000,2.500000,4.000000,0.625000,-0.052497,-0.002802,0.105675,1.480913,0.379618,4.355514,0.000032,0.000004
CNRRM,45.000000,5.000000,2.500000,4.000000,0.625000,-0.046641,-0.012396,0.105315,0.773037,0.314683,0.876512,0.000032,0.000004
LRRM,45.000000,10.000000,2.500000,4.000000,0.625000,0.001875,0.021701,-0.108103,2.288941,0.552619,6.319380,0.088562,0.008315
CLRRM,45.000000,10.000000,2.500000,4.000000,0.625000,0.044921,0.006164,-0.207097,1.212875,0.454951,1.320407,0.089731,0.008353
CHRRM,45.000000,10.000000,2.500000,4.000000,0.625000,-0.135103,-0.017121,0.350420,1.215073,0.454473,1.331561,0.089746,0.008357
CLRRMm,45.000000,10.000000,2.500000,4.000000,0.625000,-0.028119,-0.003319,0.019153,1.213768,0.454756,1.324927,0.089735,0.008354
CLRRMt,45.000000,10.000000,2.500000,4.000000,0.625000,-0.017655,-0.001963,-0.013257,1.213640,0.454784,1.324279,0.089734,0.008354
NRRM,45.000000,10.000000,2.500000,4.000000,0.625000,-0.272976,-0.032024,0.443118,2.147050,0.544548,6.296911,0.000045,0.000008
CNRRM,45.000000,10.000000,2.500000,4.000000,0.625000,-0.216375,-0.044332,0.296268,1.084315,0.446424,1.233407,0.000045,0.000008
LRRM,45.000000,15.000000,2.500000,4.000000,0.625000,-0.535699,-0.049102,0.051576,2.730246,0.675703,7.476870,0.071977,0.008402
CLRRM,45.000000,15.000000,2.500000,4.000000,0.625000,-0.494099,-0.073054,-0.033031,1.488710,0.559246,1.632722,0.073368,0.008470
CHRRM,45.000000,15.000000,2.500000,4.000000,0.625000,-0.820820,-0.114828,0.973991,1.493577,0.558199,1.657734,0.073408,0.008478
CLRRMm,45.000000,15.000000,2.500000,4.000000,0.625000,-0.578770,-0.083971,0.228078,1.489977,0.558972,1.639185,0.073373,0.008471
CLRRMt,45.000000,15.000000,2.500000,4.000000,0.625000,-0.396882,-0.060439,-0.332945,1.487251,0.559564,1.625318,0.073366,0.008469
NRRM,45.000000,15.000000,2.500000,4.000000,0.625000,-1.112153,-0.160784,0.930633,2.573719,0.668199,7.484677,0.000055,0.000013
CNRRM,45.000000,15.000000,2.500000,4.000000,0.625000,-1.056376,-0.181161,0.801446,1.324783,0.546273,1.528385,0.000055,0.000012
LRRM,45.000000,30.000000,2.500000,4.000000,0.625000,3.576951,0.516984,-2.128308,3.729949,0.973592,10.828257,0.050236,0.008589
CLRRM,45.000000,30.000000,2.500000,4.000000,0.625000,3.671913,0.466344,-2.354498,2.117925,0.802295,2.173840,0.052167,0.008695
CHRRM,45.000000,30.000000,2.500000,4.000000,0.625000,2.896543,0.361180,0.188016,2.137223,0.798550,2.259724,0.052322,0.008729
CLRRMm,45.000000,30.000000,2.500000,4.000000,0.625000,3.502177,0.442797,-1.797159,2.122187,0.801451,2.192491,0.052182,0.008697
CLRRMt,45.000000,30.000000,2.500000,4.000000,0.625000,2.329273,0.287983,2.042555,2.151060,0.795983,2.323659,0.052573,0.008791
NRRM,45.000000,30.000000,2.500000,4.000000,0.625000,1.827847,0.159280,-0.216453,3.782162,0.994160,11.170637,0.000077,0.000026
CNRRM,45.000000,30.000000,2.500000,4.000000,0.625000,1.955931,0.119906,-0.487732,1.879651,0.779646,2.081255,0.000077,0.000025
LRRM,45.000000,60.000000,2.500000,4.000000,0.625000,12.216054,1.731637,-6.345970,4.937243,1.443596,16.422712,0.034032,0.008842
CLRRM,45.000000,60.000000,2.500000,4.000000,0.625000,12.385491,1.599631,-6.828054,3.088725,1.159242,2.802977,0.036648,0.008975
CHRRM,45.000000,60.000000,2.500000,4.000000,0.625000,10.496392,1.313563,0.335961,3.183736,1.143580,3.130559,0.037293,0.009194
CLRRMm,45.000000,60.000000,2.500000,4.000000,0.625000,12.104725,1.554038,-5.759113,3.103074,1.156695,2.850426,0.036681,0.008988
CLRRMt,45.000000,60.000000,2.500000,4.000000,0.625000,8.599181,1.068793,7.464912,3.275309,1.130800,3.479028,0.038886,0.009694
NRRM,45.000000,60.000000,2.500000,4.000000,0.625000,6.416148,0.488998,-0.989933,6.660330,1.743136,18.753720,0.000110,0.000055
CNRRM,45.000000,60.000000,2.500000,4.000000,0.625000,7.034576,0.466361,-1.985272,2.740429,1.115385,2.870014,0.000110,0.000052
LRRM,50.000000,1.000000,2.500000,4.000000,0.625000,0.005420,0.000453,-0.019527,0.646128,0.157895,1.778325,0.252849,0.007386
CLRRM,50.000000,1.000000,2.500000,4.000000,0.625000,0.005026,-0.001282,-0.015574,0.354115,0.130677,0.385127,0.253174,0.007394
CHRRM,50.000000,1.000000,2.500000,4.000000,0.625000,-0.006120,-0.002761,0.019238,0.354155,0.130668,0.385329,0.253175,0.007394
CLRRMm,50.000000,1.000000,2.500000,4.000000,0.625000,0.003111,-0.001536,-0.009593,0.354122,0.130675,0.385162,0.253174,0.007394
CLRRMt,50.000000,1.000000,2.500000,4.000000,0.625000,-0.000508,-0.002016,0.001709,0.354135,0.130672,0.385227,0.253175,0.007394
NRRM,50.000000,1.000000,2.500000,4.000000,0.625000,-0.006641,-0.001661,0.014858,0.595674,0.153945,1.750265,0.000011,0.000001
CNRRM,50.000000,1.000000,2.500000,4.000000,0.625000,-0.006987,-0.003431,0.019064,0.313783,0.127787,0.355966,0.000011,0.000001
LRRM,50.000000,5.000000,2.500000,4.000000,0.625000,0.025128,0.009750,-0.053130,1.451196,0.352403,3.970302,0.113066,0.007263
CLRRM,50.000000,5.000000,2.500000,4.000000,0.625000,0.050964,0.004746,-0.118494,0.782278,0.292806,0.845279,0.113796,0.007297
CHRRM,50.000000,5.000000,2.500000,4.000000,0.625000,-0.031823,-0.006143,0.139495,0.782930,0.292668,0.848576,0.113800,0.007298
CLRRMm,50.000000,5.000000,2.500000,4.000000,0.625000,0.013709,-0.000162,-0.002386,0.782572,0.292743,0.846762,0.113797,0.007297
CLRRMt,50.000000,5.000000,2.500000,4.000000,0.625000,0.009390,-0.000730,0.011073,0.782606,0.292736,0.846934,0.113797,0.007297
NRRM,50.000000,5.000000,2.500000,4.000000,0.625000,-0.067440,-0.007697,0.149878,1.329442,0.342800,3.900232,0.000026,0.000003
CNRRM,50.000000,5.000000,2.500000,4.000000,0.625000,-0.055066,-0.014108,0.124301,0.694278,0.286531,0.784305,0.000026,0.000003
LRRM,50.000000,10.000000,2.500000,4.000000,0.625000,-0.032593,0.008621,0.027631,2.054155,0.494337,5.632543,0.079935,0.007431
CLRRM,50.000000,10.000000,2.500000,4.000000,0.625000,0.003997,-0.003249,-0.057823,1.108986,0.411440,1.203096,0.080960,0.007496
CHRRM,50.000000,10.000000,2.500000,4.000000,0.625000,-0.156530,-0.023955,0.439317,1.110754,0.411065,1.212140,0.080973,0.007495
CLRRMm,50.000000,10.000000,2.500000,4.000000,0.625000,-0.056305,-0.011054,0.128965,1.109651,0.411298,1.206489,0.080963,0.007495
CLRRMt,50.000000,10.000000,2.500000,4.000000,0.625000,-0.012890,-0.005438,-0.005510,1.109173,0.411400,1.204046,0.080961,0.007495
NRRM,50.000000,10.000000,2.500000,4.000000,0.625000,-0.285207,-0.041331,0.503437,1.923906,0.485213,5.594870,0.000037,0.000007
CNRRM,50.000000,10.000000,2.500000,4.000000,0.625000,-0.238817,-0.050672,0.383588,0.987735,0.403165,1.122359,0.000037,0.000007
LRRM,50.000000,15.000000,2.500000,4.000000,0.625000,-0.572901,-0.062434,0.187521,2.495428,0.595583,6.815456,0.064947,0.007489
CLRRM,50.000000,15.000000,2.500000,4.000000,0.625000,-0.515383,-0.079488,0.052894,1.336387,0.494614,1.448317,0.066236,0.007587
CHRRM,50.000000,15.000000,2.500000,4.000000,0.625000,-0.822609,-0.118721,0.999975,1.340388,0.493785,1.469156,0.066269,0.007598
CLRRMm,50.000000,15.000000,2.500000,4.000000,0.625000,-0.607989,-0.091403,0.338499,1.337598,0.494361,1.454582,0.066240,0.007589
CLRRMt,50.000000,15.000000,2.500000,4.000000,0.625000,-0.392446,-0.063552,-0.326428,1.334774,0.494952,1.440021,0.066237,0.007585
NRRM,50.000000,15.000000,2.500000,4.000000,0.625000,-1.124493,-0.170060,0.946019,2.341639,0.584630,6.770315,0.000044,0.000010
CNRRM,50.000000,15.000000,2.500000,4.000000,0.625000,-1.069314,-0.185314,0.816318,1.191882,0.483384,1.361182,0.000044,0.000010
LRRM,50.000000,30.000000,2.500000,4.000000,0.625000,3.529669,0.497535,-1.949286,3.369993,0.861391,9.837549,0.045408,0.007748
CLRRM,50.000000,30.000000,2.500000,4.000000,0.625000,3.619188,0.457487,-2.174845,1.933087,0.713538,1.980985,0.047171,0.007868
CHRRM,50.000000,30.000000,2.500000,4.000000,0.625000,2.900328,0.360206,0.181640,1.949158,0.710425,2.053148,0.047309,0.007898
CLRRMm,50.000000,30.000000,2.500000,4.000000,0.625000,3.467898,0.436576,-1.678269,1.936497,0.712864,1.996060,0.047183,0.007870
CLRRMt,50.000000,30.000000,2.500000,4.000000,0.625000,2.330644,0.286709,2.043726,1.961649,0.708108,2.111294,0.047566,0.007962
NRRM,50.000000,30.000000,2.500000,4.000000,0.625000,1.850849,0.152537,-0.232291,3.416234,0.878944,10.081973,0.000063,0.000021
CNRRM,50.000000,30.000000,2.500000,4.000000,0.625000,1.967038,0.122580,-0.490607,1.722304,0.696159,1.897961,0.000063,0.000021
LRRM,50.000000,60.000000,2.500000,4.000000,0.625000,12.191775,1.687991,-6.098217,4.473694,1.291003,15.000418,0.030812,0.007988
CLRRM,50.000000,60.000000,2.500000,4.000000,0.625000,12.388032,1.590780,-6.742016,2.849101,1.048046,2.590770,0.033185,0.008132
CHRRM,50.000000,60.000000,2.500000,4.000000,0.625000,10.590650,1.318136,0.077767,2.932889,1.034104,2.878154,0.033772,0.008332
CLRRMm,50.000000,60.000000,2.500000,4.000000,0.625000,12.094877,1.543307,-5.625603,2.862973,1.045572,2.636528,0.033213,0.008144
CLRRMt,50.000000,60.000000,2.500000,4.000000,0.625000,8.619506,1.063171,7.488739,3.021095,1.021660,3.211908,0.035488,0.008862
NRRM,50.000000,60.000000,2.500000,4.000000,0.625000,6.594222,0.490073,-1.277136,5.970590,1.558030,16.898667,0.000091,0.000045
CNRRM,50.000000,60.000000,2.500000,4.000000,0.625000,7.140913,0.481882,-2.234937,2.519016,1.011908,2.630200,0.000090,0.000043
